{"best_fitnesses": [54, 60, 257, 257, 257, 257, 257, 257, 257, 304, 304, 256, 304, 257, 257, 257, 257, 257, 257, 257, 304, 257, 257, 257, 304, 304, 304, 304, 304, 304, 304, 304, 304, 304, 351, 446, 589, 589, 304, 304, 351, 305, 305, 351, 590, 351, 589, 256, 589, 589, 589, 589, 590, 590, 589, 589, 115, 589, 589, 304, 590, 304, 590, 590, 304, 590, 304, 590, 304, 827], "worst_fitnesses": [26, 29, 35, 34, 32, 30, 28, 26, 27, 27, 22, 21, 26, 23, 28, 26, 29, 27, 28, 27, 27, 23, 28, 28, 28, 24, 23, 26, 28, 23, 23, 22, 25, 23, 23, 30, 29, 22, 23, 25, 26, 29, 30, 29, 27, 21, 27, 24, 31, 25, 24, 23, 22, 22, 23, 27, 30, 33, 24, 25, 27, 31, 28, 27, 30, 29, 29, 26, 30, 26], "average_fitnesses": [28.87, 31.05666666666667, 39.56, 39.416666666666664, 37.73, 39.08888888888889, 38.41, 38.71111111111111, 45.63111111111111, 50.98777777777778, 49.897777777777776, 53.2, 49.626666666666665, 49.13333333333333, 55.38111111111111, 51.08555555555556, 58.51777777777778, 51.86333333333334, 59.217777777777776, 61.96333333333333, 69.37444444444445, 63.61666666666667, 70.08777777777777, 73.53666666666666, 79.59777777777778, 76.73222222222222, 67.08, 84.86111111111111, 80.39111111111112, 87.97, 91.61111111111111, 78.48444444444445, 85.06, 83.67777777777778, 88.15, 99.79444444444445, 121.83777777777777, 101.21111111111111, 110.67444444444445, 118.80444444444444, 128.54, 108.66333333333333, 129.33666666666667, 133.51555555555555, 118.91555555555556, 123.61222222222223, 144.17222222222222, 63.708888888888886, 125.02777777777777, 129.07, 135.99777777777777, 123.92666666666666, 110.36222222222223, 120.88, 130.62666666666667, 145.64333333333335, 35.05, 142.49666666666667, 149.11666666666667, 85.49111111111111, 170.9188888888889, 85.08555555555556, 181.07777777777778, 148.98555555555555, 86.07111111111111, 178.86555555555555, 99.10777777777778, 164.82111111111112, 103.67111111111112, 184.95]}